source_file,source_day_folder,time_utc,time_ist,target_lat,target_lon,grid_lat,grid_lon,row_index,col_index,ghi,dhi,dni,ins,time,projection_information,proj_dim
3RIMG_01DEC2017_0015_L2C_INS_V01R00.h5,01DEC,2017-12-01 00:15:00,2017-12-01 05:45:00,9.14,77.92,1229.0670156003907,0.0,1350,868,0.0,0.0,0.0,0.0,9423375.0,23226296,0
3RIMG_01DEC2017_0045_L2C_INS_V01R00.h5,01DEC,2017-12-01 00:45:00,2017-12-01 06:15:00,9.14,77.92,1229.0670156003907,0.0,1350,868,0.0,0.0,0.0,0.0,9423405.0,-2051643464,0
3RIMG_01DEC2017_0115_L2C_INS_V01R00.h5,01DEC,2017-12-01 01:15:00,2017-12-01 06:45:00,9.14,77.92,1229.0670156003907,0.0,1350,868,0.0,0.0,0.0,0.0,9423435.0,-831813704,0
3RIMG_01DEC2017_0145_L2C_INS_V01R00.h5,01DEC,2017-12-01 01:45:00,2017-12-01 07:15:00,9.14,77.92,1229.0670156003907,0.0,1350,868,0.0,0.0,0.0,0.0,9423465.0,996636600,0
3RIMG_01DEC2017_0215_L2C_INS_V01R00.h5,01DEC,2017-12-01 02:15:00,2017-12-01 07:45:00,9.14,77.92,1229.0670156003907,0.0,1350,868,117.19844818115234,97.16802215576172,47.91288757324219,51.979331970214844,9423495.0,460429240,0
3RIMG_01DEC2017_0245_L2C_INS_V01R00.h5,01DEC,2017-12-01 02:45:00,2017-12-01 08:15:00,9.14,77.92,1229.0670156003907,0.0,1350,868,290.81243896484375,208.27293395996094,158.0499725341797,110.26583099365234,9423525.0,2088445880,0
3RIMG_01DEC2017_0315_L2C_INS_V01R00.h5,01DEC,2017-12-01 03:15:00,2017-12-01 08:45:00,9.14,77.92,1229.0670156003907,0.0,1350,868,664.535888671875,79.72715759277344,946.2511596679688,445.66864013671875,9423555.0,604350392,0
3RIMG_01DEC2017_0345_L2C_INS_V01R00.h5,01DEC,2017-12-01 03:45:00,2017-12-01 09:15:00,9.14,77.92,1229.0670156003907,0.0,1350,868,772.8657836914062,89.56694793701172,972.1436767578125,471.38433837890625,9423585.0,1461028792,0
3RIMG_01DEC2017_0415_L2C_INS_V01R00.h5,01DEC,2017-12-01 04:15:00,2017-12-01 09:45:00,9.14,77.92,1229.0670156003907,0.0,1350,868,866.0338745117188,97.7724380493164,990.0225219726562,691.1900634765625,9423615.0,-80558152,0
3RIMG_01DEC2017_0445_L2C_INS_V01R00.h5,01DEC,2017-12-01 04:45:00,2017-12-01 10:15:00,9.14,77.92,1229.0670156003907,0.0,1350,868,946.7103271484375,105.19253540039062,1006.5529174804688,713.288818359375,9423645.0,1420314552,0
3RIMG_01DEC2017_0545_L2C_INS_V01R00.h5,01DEC,2017-12-01 05:45:00,2017-12-01 11:15:00,9.14,77.92,1229.0670156003907,0.0,1350,868,1042.9012451171875,114.88734436035156,1017.9338989257812,897.729248046875,9423705.0,926042040,0
3RIMG_01DEC2017_0615_L2C_INS_V01R00.h5,01DEC,2017-12-01 06:15:00,2017-12-01 11:45:00,9.14,77.92,1229.0670156003907,0.0,1350,868,339.3928527832031,279.41314697265625,64.7416763305664,323.063232421875,9423735.0,-1835694152,0
3RIMG_01DEC2017_0645_L2C_INS_V01R00.h5,01DEC,2017-12-01 06:45:00,2017-12-01 12:15:00,9.14,77.92,1229.0670156003907,0.0,1350,868,323.80169677734375,267.2632141113281,61.090179443359375,308.47503662109375,9423765.0,567805880,0
3RIMG_01DEC2017_0715_L2C_INS_V01R00.h5,01DEC,2017-12-01 07:15:00,2017-12-01 12:45:00,9.14,77.92,1229.0670156003907,0.0,1350,868,275.39788818359375,228.17234802246094,51.97674560546875,278.237548828125,9423795.0,1627199416,0
3RIMG_01DEC2017_0745_L2C_INS_V01R00.h5,01DEC,2017-12-01 07:45:00,2017-12-01 13:15:00,9.14,77.92,1229.0670156003907,0.0,1350,868,544.77294921875,349.9544372558594,222.34561157226562,566.987548828125,9423825.0,-2091722824,0
3RIMG_01DEC2017_0815_L2C_INS_V01R00.h5,01DEC,2017-12-01 08:15:00,2017-12-01 13:45:00,9.14,77.92,1229.0670156003907,0.0,1350,868,446.7015075683594,327.877197265625,143.33033752441406,477.51416015625,9423855.0,460912568,0
3RIMG_01DEC2017_0845_L2C_INS_V01R00.h5,01DEC,2017-12-01 08:45:00,2017-12-01 14:15:00,9.14,77.92,1229.0670156003907,0.0,1350,868,479.8667907714844,305.9855651855469,226.6953125,547.398193359375,9423885.0,614385592,0
3RIMG_01DEC2017_0915_L2C_INS_V01R00.h5,01DEC,2017-12-01 09:15:00,2017-12-01 14:45:00,9.14,77.92,1229.0670156003907,0.0,1350,868,403.1267395019531,277.68560791015625,181.1832733154297,459.3793029785156,9423915.0,1810241464,0
3RIMG_01DEC2017_0945_L2C_INS_V01R00.h5,01DEC,2017-12-01 09:45:00,2017-12-01 15:15:00,9.14,77.92,1229.0670156003907,0.0,1350,868,438.53466796875,226.16233825683594,350.3819274902344,559.6549682617188,9423945.0,-1476200520,0
3RIMG_01DEC2017_1015_L2C_INS_V01R00.h5,01DEC,2017-12-01 10:15:00,2017-12-01 15:45:00,9.14,77.92,1229.0670156003907,0.0,1350,868,349.6846923828125,195.8873748779297,302.3905944824219,437.0855712890625,9423975.0,-463419464,0
3RIMG_01DEC2017_1045_L2C_INS_V01R00.h5,01DEC,2017-12-01 10:45:00,2017-12-01 16:15:00,9.14,77.92,1229.0670156003907,0.0,1350,868,397.9823913574219,53.480262756347656,854.5499267578125,607.669189453125,9424005.0,-261462088,0
3RIMG_01DEC2017_1115_L2C_INS_V01R00.h5,01DEC,2017-12-01 11:15:00,2017-12-01 16:45:00,9.14,77.92,1229.0670156003907,0.0,1350,868,261.6177673339844,38.1118049621582,767.5667724609375,395.9327392578125,9424035.0,596723640,0
3RIMG_01DEC2017_1215_L2C_INS_V01R00.h5,01DEC,2017-12-01 12:15:00,2017-12-01 17:45:00,9.14,77.92,1229.0670156003907,0.0,1350,868,15.128713607788086,3.4371438026428223,221.59458923339844,63.869140625,9424095.0,495146936,0
3RIMG_01DEC2017_1245_L2C_INS_V01R00.h5,01DEC,2017-12-01 12:45:00,2017-12-01 18:15:00,9.14,77.92,1229.0670156003907,0.0,1350,868,0.0,0.0,0.0,0.0,9424125.0,-1785989192,0
3RIMG_01DEC2017_1315_L2C_INS_V01R00.h5,01DEC,2017-12-01 13:15:00,2017-12-01 18:45:00,9.14,77.92,1229.0670156003907,0.0,1350,868,0.0,0.0,0.0,0.0,9424155.0,1102448568,0
3RIMG_01DEC2017_1345_L2C_INS_V01R00.h5,01DEC,2017-12-01 13:45:00,2017-12-01 19:15:00,9.14,77.92,1229.0670156003907,0.0,1350,868,0.0,0.0,0.0,0.0,9424185.0,-407152712,0
3RIMG_01DEC2017_1415_L2C_INS_V01R00.h5,01DEC,2017-12-01 14:15:00,2017-12-01 19:45:00,9.14,77.92,1229.0670156003907,0.0,1350,868,0.0,0.0,0.0,0.0,9424215.0,-1456920648,0
3RIMG_01DEC2017_1445_L2C_INS_V01R00.h5,01DEC,2017-12-01 14:45:00,2017-12-01 20:15:00,9.14,77.92,1229.0670156003907,0.0,1350,868,0.0,0.0,0.0,0.0,9424245.0,1580402616,0
3RIMG_01DEC2017_1515_L2C_INS_V01R00.h5,01DEC,2017-12-01 15:15:00,2017-12-01 20:45:00,9.14,77.92,1229.0670156003907,0.0,1350,868,0.0,0.0,0.0,0.0,9424275.0,1096017848,0
3RIMG_01DEC2017_1545_L2C_INS_V01R00.h5,01DEC,2017-12-01 15:45:00,2017-12-01 21:15:00,9.14,77.92,1229.0670156003907,0.0,1350,868,0.0,0.0,0.0,0.0,9424305.0,890701752,0
3RIMG_01DEC2017_1615_L2C_INS_V01R00.h5,01DEC,2017-12-01 16:15:00,2017-12-01 21:45:00,9.14,77.92,1229.0670156003907,0.0,1350,868,0.0,0.0,0.0,0.0,9424335.0,1481136056,0
3RIMG_01DEC2017_1645_L2C_INS_V01R00.h5,01DEC,2017-12-01 16:45:00,2017-12-01 22:15:00,9.14,77.92,1229.0670156003907,0.0,1350,868,0.0,0.0,0.0,0.0,9424365.0,-60504136,0
3RIMG_01DEC2017_2045_L2C_INS_V01R00.h5,01DEC,2017-12-01 20:45:00,2017-12-02 02:15:00,9.14,77.92,1229.0670156003907,0.0,1350,868,0.0,0.0,0.0,0.0,9424605.0,-1386649672,0
3RIMG_01DEC2017_2115_L2C_INS_V01R00.h5,01DEC,2017-12-01 21:15:00,2017-12-02 02:45:00,9.14,77.92,1229.0670156003907,0.0,1350,868,0.0,0.0,0.0,0.0,9424635.0,1909065656,0
3RIMG_01DEC2017_2145_L2C_INS_V01R00.h5,01DEC,2017-12-01 21:45:00,2017-12-02 03:15:00,9.14,77.92,1229.0670156003907,0.0,1350,868,0.0,0.0,0.0,0.0,9424665.0,1197823928,0
3RIMG_01DEC2017_2215_L2C_INS_V01R00.h5,01DEC,2017-12-01 22:15:00,2017-12-02 03:45:00,9.14,77.92,1229.0670156003907,0.0,1350,868,0.0,0.0,0.0,0.0,9424695.0,-1036408904,0
3RIMG_01DEC2017_2245_L2C_INS_V01R00.h5,01DEC,2017-12-01 22:45:00,2017-12-02 04:15:00,9.14,77.92,1229.0670156003907,0.0,1350,868,0.0,0.0,0.0,0.0,9424725.0,-1300158536,0
3RIMG_01DEC2017_2315_L2C_INS_V01R00.h5,01DEC,2017-12-01 23:15:00,2017-12-02 04:45:00,9.14,77.92,1229.0670156003907,0.0,1350,868,0.0,0.0,0.0,0.0,9424755.0,155248568,0
3RIMG_01DEC2017_2345_L2C_INS_V01R00.h5,01DEC,2017-12-01 23:45:00,2017-12-02 05:15:00,9.14,77.92,1229.0670156003907,0.0,1350,868,0.0,0.0,0.0,0.0,9424785.0,-1811044424,0
